name,cor,med_diff,mean_diff,sd_diff,max_diff,max_sp
1,0.9829173488139181,30,499.180448095046,1366.8332812657725,25339.5,111431
2,0.9821211131569297,19.5,497.2951853617396,1403.1413933717085,25531,111431
3,0.9830368021916376,19.5,493.7458839059807,1363.3860533039795,25037,111362
4,0.9834510878020186,17.5,490.3209269920428,1345.6747984804433,25151.5,111362
5,0.9833744794106981,21.5,491.1240511899087,1348.906645861579,25247,111352
6,0.9831952656916874,21,493.17458105680026,1356.371536336748,25086,111431
7,0.9823513270356602,21.5,495.03648564409076,1393.7407672255642,25300.5,111431
8,0.9830101664182276,22,491.7887132851747,1365.3028593760923,25534,111431
9,0.9839223968591332,26.5,485.1966191192109,1325.6776864650055,25586,111072
10,0.9836353225242906,22.5,486.0555901873785,1338.7197250800825,25259.5,111352
11,0.9827010706896971,24.5,497.21876718858863,1377.3144154956758,25086.5,111431
12,0.9823426398301831,20,497.98547908034175,1393.0754274884605,25069.5,111431
13,0.9834120616685447,21.5,486.5641157273294,1348.8320915343945,24531.5,111354
14,0.9830681191587909,17,493.93282241208607,1361.893913344175,25190.5,111352
15,0.9832758595237941,23.5,492.6490411059367,1352.875720157032,24938.5,111352
16,0.9833887048275018,18,488.03113197169154,1349.3753509240105,24808,761621
17,0.9834686977019859,20,486.59297422170073,1346.216860896056,24396,111425
18,0.9838535046803566,26,484.3653331377654,1329.1971083993208,24394.5,111425
19,0.9824963539412078,25,496.6254996149756,1386.7082811376401,25598,111072
20,0.983280496005738,17,483.2692970554802,1356.0430063284093,25560,111431
21,0.9829802608780355,15,493.36236294965346,1366.092767749108,25586.5,111072
22,0.9824746825724286,21.5,501.77668585677094,1385.8223067276222,25084.5,111362
23,0.9839362318212297,19,484.04550621539363,1325.4514960606782,24619,111355
24,0.9834477738280638,24,491.84661361886253,1345.2707774715518,25583.5,111072
25,0.983880202982949,24,480.88573943016394,1329.2159753859682,25017,111072
26,0.9829466915866484,23.5,498.7473873345312,1365.660243906854,25056,111431
27,0.9825744288181891,23.5,490.73939349492133,1385.3139588916372,25541,111431
28,0.9834546246260043,24,493.4926478676983,1344.352128433856,25590.5,111072
29,0.9825726364880045,20,494.6346301932456,1384.0081981131,25241.5,111431
30,0.98354337162748,23,489.2983388947967,1341.7908835857154,25068.5,111431
31,0.9835999167721086,20.5,485.26981042132667,1340.641948047738,25416,761621
32,0.9834274448111612,20.5,486.1310549668146,1348.2815201154265,25253.5,111431
33,0.9838408801911781,26,487.8311026365003,1328.5185504435788,25415,761621
34,0.9839563333179422,17,477.8062043929449,1326.7750934567507,25390,761621
35,0.9818803881962825,24.5,506.03259873125296,1410.63042946936,24996,111158
36,0.9831806521012257,16.5,489.48293058560375,1358.3753505120646,25102.5,111362
37,0.9840875559760983,18,485.9460965861171,1317.6571315512642,25031.5,111072
38,0.9831279720732798,18,492.90697077481576,1359.5398207960704,24928.5,111072
39,0.9840422048749582,23,482.4167797293829,1321.0831147131723,25545,111431
40,0.9833007909436273,34.5,492.94022954787135,1351.626853974976,25255.5,111431
41,0.9836460787093673,22.5,485.7589380660775,1338.329200143206,25073.5,111362
42,0.9823118082152978,17.5,498.4323273807341,1394.2867174682033,25026,111072
43,0.9833871015355299,22.5,489.65923508488873,1348.8594341154533,25588.5,111072
44,0.9835261586385282,17.5,490.3400682043196,1342.205787284554,24794,111425
45,0.98279319331418,24,492.7556745260533,1374.7708450185949,25564.5,111072
46,0.9835136800140384,21,487.8718418833193,1343.6810444160906,25240.5,111352
47,0.9826001494822928,17.5,491.0757581313483,1384.0433167100136,25032,111072
48,0.983929225158032,22.5,488.09717282094533,1324.2924088438524,23890,111314
49,0.9835643622481479,20,485.92336181291483,1342.0482417826693,25154,111362
50,0.9829457711327767,17,493.45044186131787,1367.6245309632377,25314.5,111431
51,0.982765725615491,24,490.8673682666569,1376.6833022642054,25260.5,111431
52,0.9827809915299748,20.5,495.3138498771589,1374.4014667466488,24951.5,111072
53,0.9825319464961557,24,495.17109750284186,1385.6372663270195,25018,111431
54,0.9828061067095438,25,492.7348832092699,1374.1961657993913,25234.5,111352
55,0.982495238671889,21.5,496.5503648564409,1386.7846112885925,25238.5,111352
56,0.9827722121316713,28,494.9110043636097,1374.94238681856,25409,761621
57,0.9832094625910455,24,488.6223460819185,1357.3703059284494,24953,111072
58,0.983724389215918,21,484.36507645484215,1335.2040000457348,25540.5,111431
59,0.9829524188316412,18,496.8227421070001,1366.101490829514,25014.5,111072
60,0.983373975239813,21.5,485.56477576913204,1350.9405164278792,25413,111158
61,0.9838723069158241,19,484.2343148399399,1328.3681922872368,25324,111431
62,0.9829691650031357,16.5,491.7193722269077,1367.1879856327414,25577,111072
63,0.9845305871034262,24.5,485.4737633383448,1296.8289028483446,23770,111351
64,0.9831222086113391,19,490.351692273844,1360.7263680391118,25264.5,111352
65,0.9840108854662613,19.5,487.41839316490046,1320.7162974615017,25574,111072
66,0.9822979756056749,20.5,503.79087675552785,1392.9755248297972,25032,111072
67,0.984221510345324,21,478.69066040849253,1314.0078262521204,25397,111158
68,0.98159700459225,16,497.2390818085145,1426.122657867725,25272.5,111431
69,0.9836632492745776,23,490.03281874518717,1335.9742319818586,25580,111072
70,0.9824276652085977,21.5,497.9812254776136,1389.2893414122282,24943.5,111158
71,0.983621963002519,21.5,484.4975615122291,1339.90196069264,24918,111158
72,0.9833339602277974,21.5,484.34886876168827,1353.2105946493728,25129.5,111362
73,0.9839678835466182,23.5,476.74196032415387,1326.618432187469,25414,761621
74,0.9829153196541288,21,484.81240145209193,1372.0868492225732,25145,111362
75,0.9825898291853575,32,492.20387957904,1384.1046032668057,25422,761621
76,0.9830977529658048,28,492.20351288914964,1361.1709460973582,25592,111072
77,0.9836540708072632,24.5,484.9636243628763,1338.2475328445332,25203,111352
78,0.9834374444231782,23.5,486.3928715485314,1347.7272111287766,25373,111158
79,0.9828838409017896,26,498.61545231197977,1368.5572375864895,24975,111158
80,0.9833685630763991,27,493.28708151516264,1348.3893555021461,24930,111072
81,0.9829913143837736,26,497.11756077884934,1364.2287054204198,25531.5,111431
82,0.9826316358994199,20,497.291555131825,1380.4091126719727,24927,111072
83,0.9843979157184056,22,480.1306882769242,1305.132356645036,24884.5,111352
84,0.9827455238519767,24,499.9363793040226,1374.3269362523488,25270.5,111431
85,0.9816592887849522,21,502.7372300245682,1421.4806473413757,25512.5,111431
86,0.9837072965618004,23,486.67316930072235,1335.1580182092623,24893.5,111352
87,0.9828197833523427,22,496.3032892083165,1372.293453538787,24852.5,111431
88,0.9825485761850791,22,494.1364086392138,1385.2623800728243,25601.5,111072
89,0.9837227305029606,28.5,492.1684940046203,1332.4247588239375,25582.5,111072
90,0.9820601478740465,26.5,504.4704631293315,1403.2726131325321,25406,761621
91,0.9831919662675433,28,494.3719335557919,1356.0865762994017,24557,1326881
92,0.982923129644494,26.5,497.9343258406366,1367.0252097887335,25388,761621
93,0.9830843972851986,32.5,493.3099629643211,1361.379148762159,25324.5,111431
94,0.9833028259775071,21.5,482.975505115324,1355.1264399962374,25571,111072
95,0.9823477612566661,23.5,497.69722415753,1392.950854600619,25258,111352
96,0.9828515711623207,30,496.4136628653148,1370.8172930466078,24558,111354
97,0.9834065354448499,22,489.74892743207073,1347.9331707871063,25050.5,111362
98,0.9829807913474461,15,490.96714458582375,1366.9308945728178,25582.5,111072
99,0.9830201879503893,15.5,489.63822375417107,1365.6208765749827,25540.5,111431
100,0.9836363152482532,30.5,491.01199075941474,1336.8632059112715,24824,111425
101,0.9824909261933851,22.5,499.0283817975139,1386.088193143727,25057,111362
102,0.98261160697134875,22.5,491.34879542371016,1383.4325665728763,25605.5,111072
103,0.9834985717478055,18.5,493.8198085878772,1342.204281849401,24217,111355
104,0.9839367723684425,16.5,479.6588317260093,1327.0202313244317,25582,111072
105,0.9830253368435581,24,493.22921785046384,1364.0941177934624,25067.5,111431
106,0.9837065020115474,29,486.79399361959594,1335.1506395242752,25066.5,111362
107,0.9841241005084588,28.5,486.6930805617689,1315.6615577938564,24958.5,111158
108,0.9838573868476417,27,482.932749074108,1329.537848667738,25024.5,111072
109,0.982565668531262,21,497.7136885336071,1383.215822987227,24863,111158
110,0.982316238718576,23.5,500.9829489200983,1393.1750400733956,25249,111431
111,0.9832908261686588,19.5,484.6816398371897,1355.066278741943,25234.5,111431
112,0.9835251789454106,21,488.3902680503099,1342.9617982986947,24810,111425
113,0.9838936295907327,25.5,478.6868835026218,1329.3838783419687,25123.5,111362
114,0.9833238962077546,27.5,488.9194015620989,1352.0276348328973,25255.5,111431
115,0.9841266902738921,25,485.7793260239815,1315.8770527413292,25246,111431
116,0.98299574244486565,23,490.72428587143855,1366.340361846799,25034.5,111072
117,0.9825658417611292,28,502.66315866671556,1381.4170252280305,24853.5,111431
118,0.9829723691726643,23.5,492.585127058047,1366.7307823194285,25577,111072
119,0.983211342851285,19,482.7653184701698,1359.3787448764735,25534.5,111431
120,0.98357277945899,22.5,486.2672435920942,1341.535216730255,24937,111072
121,0.982925328424641,24.5,494.64588757287964,1368.1193071608168,25055.5,111362
122,0.983588013026648,28.5,494.3663965384474,1337.86605165314,24860,111431
123,0.9827849508356618,23,493.2795643724102,1374.9545643871743,25059.5,111362
124,0.9819328894281848,22,498.716585383741,1410.928850598683,25550,111431
125,0.9823421468385822,19.5,498.0080671775879,1393.0893481239614,25037,111362
126,0.9841625643516947,20.5,474.7348465402809,1318.2164909742519,25313.5,111431
127,0.9841666443439003,30,485.86637820395293,1313.9619764871097,25070,111431
128,0.9847035134059424,21.5,480.1851417256426,1290.5185008210751,24052,111217
129,0.9832561156439905,27,495.43397748524075,1352.763268814965,24807,761621
130,0.983708653403436,23,483.0568002640167,1336.40808592017,24875.5,111158
131,0.983417347796689,25.5,487.55722195739065,1348.2306015949928,25422,761621
132,0.9830467521220306,20,491.83924315206633,1363.623149969125,25561,111072
133,0.9833833735703654,30,484.8194785669759,1350.7771869532328,25550.5,111431
134,0.9823334264396859,24,500.78137948736753,1392.4830541878725,24776.5,111425
135,0.9831069410895649,30,491.2429687213524,1361.1003724942575,25036.5,111072
136,0.9838393070764406,25,487.5790766748561,1328.6838600966937,25026,111362
137,0.9822631099718142,30,507.11330717612117,1393.32105941216,25597,111072
138,0.9827326373062215,24,497.4104359942796,1375.82353565592,25238.5,111431
139,0.9833022541919167,17,492.5153459719116,1351.7146492540442,25245,111352
140,0.9835674162788383,34.5,492.17806461075867,1339.6257642698197,24801.5,111425
141,0.9828886408683235,20.5,492.4696197425837,1370.564015644057,25532.5,111431
142,0.9834290680122263,18,484.59026071651203,1348.7614840011897,25051.5,111362
143,0.9827472025844984,27.5,494.60617505775366,1376.179123744968,25324.5,111431
144,0.9838046840347566,21.5,488.0726045982912,1330.1172822890608,24379,111354
145,0.9825818655143468,18,494.1750210846687,1383.7586303642713,25261,111431
146,0.9832080436818831,21,494.38381430823955,1355.347399843179,24425,111355
147,0.9838659489241819,20,485.5782699570973,1328.174412779478,25235.5,111352
148,0.9836517683274422,22.5,489.09720948993436,1336.8484954514827,25052.5,111072
149,0.9835394823050408,28.5,490.1693373913681,1341.6535535304065,25259,111431
150,0.9828196645475079,25.5,490.59128744820504,1374.3513084609056,24675,111354
151,0.9830821375356584,19.5,487.4316306699424,1363.5978289372345,24787,761621
152,0.9826430330474807,21.5,495.49473800007337,1380.5434166602686,25606,111072
153,0.9836388581005681,22.5,485.05584687030176,1338.9180861764746,25343,111431
154,0.9831656427209149,27.5,491.83960984195664,1358.2086228287142,24765.5,111425
155,0.9843551154926017,25.5,477.0090939092809,1308.3053338289544,25088.5,111431
156,0.9820231225290299,26,507.6817865131458,1403.749400495994,24785,111425
157,0.9839972632656,19,480.5516849400462,1323.868022179836,24523.5,111354
158,0.9825921699710326,21.5,491.25745297202155,1384.3359330980318,24878,111431
159,0.9834634302916916,19.5,486.67346265263467,1346.430089559816,25519,111431
160,0.9838210305920306,21,480.2657768325327,1332.196219847374,25261,111352
161,0.9830860049768515,19,488.75461112537124,1362.9482161245517,25574.5,111072
162,0.9835019320741148,25,487.42693703934583,1344.3844937447561,25026,111362
163,0.9845160004311077,16,479.4585457078948,1299.7608821353347,25027.5,111431
164,0.9844589459294393,26,478.79711048366397,1302.7213122102696,25553,111431
165,0.9834717470137704,20,490.80360089472333,1344.5468494364686,25035.5,111072
166,0.9827951092048459,23.5,492.5348538740787,1374.764039534624,24925,111072
167,0.9826034478850673,18,502.5196362436288,1379.7808011532843,24783.5,111425
168,0.9844810728600496,27,478.31260313153166,1301.8464208522523,25250.5,111431
169,0.98278558631489,18.5,492.19610575336435,1375.3137888739268,25593.5,111072
170,0.9833360108169961,23,485.0324520552968,1352.8720628760314,25534.5,111431
171,0.9837260943817535,28.5,496.05995379707383,1330.8238092669897,24442,111355
172,0.982844248214022,27,493.9119577573246,1372.052011620908,25319,111431
173,0.9840390918346079,20.5,483.01965457812327,1321.0086645102774,25000.5,111431
174,0.9835272942401588,22.5,492.11279381027464,1341.504408258169,24478.5,111352
175,0.9828158494665702,17.5,492.79069341058266,1373.7364718756198,24943,111352
176,0.9824511989767502,18.5,497.1354919144879,1388.5425344577807,25590.5,111072
177,0.9835545486983661,24,498.07766491877817,1338.039891658208,24458,111351
178,0.9838561898160857,21.5,489.71156173224307,1327.111858976323,25036,111362
179,0.9834408786440565,26.5,495.1822815444978,1344.3644714853542,25154,111362
180,0.9830606581786345,18.5,487.7558578709985,1364.4580132597428,24790,761621
181,0.983753583152282,26,486.8405999046606,1332.9467353392172,24327,761621
182,0.9829105976881486,27,490.34303839243154,1370.333534889152,25408,761621
183,0.9828818173133264,20,488.7511642404019,1372.2023153386585,25550,111431
184,0.9833795988870108,17,489.49396795130355,1349.2635085424686,24900,111352
185,0.9833424841606047,18,484.20637307029443,1352.8718348946998,25256,111431
186,0.9827301485268076,22.5,495.41857650984565,1376.654473397512,25082,111431
187,0.9830703214570888,29,498.9944996516446,1359.947097251267,24567,111367
188,0.9836165350313975,17,484.77404568956035,1340.0532776267657,25250,111431
189,0.9834813484986428,33.5,496.72010560668843,1341.9297848790418,25536,111431
190,0.9836110718010198,17,484.3474753401049,1340.460098880059,25068.5,111362
191,0.9823705441927489,19,497.6288364929779,1391.9611492161466,25124.5,111362
192,0.9826923053820394,20,498.4427047046313,1377.2660769665993,25333,111431
193,0.9830653118162944,24,492.2251842616699,1362.6400276129712,25023.5,111362
194,0.982904465503431,24.5,493.39697847530346,1369.5140354455662,25061,111431
195,0.9832070240019988,24.5,493.4457482307213,1355.7354030338672,25419,761621
196,0.9832708033036928,16,484.5538484103993,1356.0273868536315,24820,111425
197,0.9835102955266828,30,493.1287814894943,1341.916940766319,25035.5,111362
198,0.9838056951504695,19.5,487.50412526126655,1330.2787962985071,25043.5,111362
199,0.9830213930390255,21.5,490.0503831909354,1365.4188022803078,25101.5,111362
200,0.982687674071886,14.5,494.8395365039786,1378.7729853113117,25412.5,111158
201,0.9822214161721041,19.5,501.5476146822632,1397.1847592965817,25241,111431
202,0.9828002917535438,18,493.0413992886216,1374.3481178433078,25573.5,111072
203,0.9835309228664861,24.5,493.18176817865134,1340.9442026564288,25309.5,111431
204,0.9831889343764822,22.5,489.91023431483995,1357.8429444117612,25154.5,111362
205,0.982905624224498,25,494.972498258223,1368.8930666021656,24943,111352
206,0.9841453085557716,25,481.1359686113454,1316.706675288989,25533.5,111431
207,0.9847136947911718,20,475.70994829672543,1291.6866574440978,24324.5,111425
208,0.9833247653552855,20.5,489.05764365076453,1351.9382451832994,24788,761621
209,0.9825881866423352,28.5,497.8899563639031,1382.143560094212,25411,761621
210,0.9833488847148009,21.5,485.46877635583587,1352.1256086802034,25238.5,111352
211,0.9832719396617242,17.5,485.6977375233765,1355.5657449248743,24937,111072
212,0.9823431073702121,21,499.1887719555572,1392.6241957915793,25396,761621
213,0.9836828070002468,23,481.9858457702321,1337.9926010824545,25007,111072
214,0.9829777470537443,21.5,492.27806094385977,1366.597834289375,25058,111362
215,0.9830234437420893,18.5,487.9639910527667,1366.0724607734319,24991.5,111158
216,0.9833774301265978,24,491.84474350042166,1348.5079934311775,25069.5,111362
217,0.9835102948356893,22,487.68809357926,1343.9038470877426,25396,761621
218,0.983010777000978,18,492.2713871878552,1365.1012368510783,24936,111072
219,0.9824728812169491,15.5,495.48190385391075,1388.1653116487832,25325,111431
220,0.9838757576120493,20.5,477.80492097832865,1330.5336617785229,24760.5,111425
221,0.9829495088293658,19,492.82871915221295,1367.6794230496728,25594.5,111072
222,0.9827991809078974,20.5,495.69194382310883,1373.444012677497,25596,111072
223,0.9827028745674943,20,496.2812144769169,1377.5712708612903,24941.5,111352
224,0.9834200670323704,21.5,488.3622529426864,1347.8144633531274,24583,1326881
225,0.9827686528969877,24,498.9340324887243,1373.6481434404618,24936,111072
226,0.983707362497678,19,487.50203512889146,1334.853034911524,24797,761621
227,0.9829085512371297,25.5,491.3059293755271,1370.081026723769,25050.5,111362
228,0.9836010868422804,24,489.1234278170951,1339.1868219959551,24763,111425
229,0.9827852932463704,20,496.1430090572403,1373.9084698302813,25078,111431
230,0.9830579252766959,19,492.80180411426056,1362.7675483655678,24917.5,111352
231,0.9834843392979674,26.5,491.5542517692787,1343.6922905796828,24934.5,111352
232,0.9831874924429751,27.5,495.8780389424664,1355.7415056957338,25326,111431
233,0.9831131015294348,28,493.66088518939534,1359.943680135839,24363,111425
234,0.9839636124851564,26,484.6067250925892,1323.9650322718662,25240,111352
235,0.9831309374465833,25.5,490.05258333027757,1360.436487454967,24204,111355
236,0.9828746366611787,29,493.3878478970335,1370.8670448268601,25198.5,111352
237,0.9836681937733122,22,476.412856147556,1340.6630210381707,25330,111431
238,0.9836509168334457,30,492.7459939129478,1335.54770183611,25024,111431
239,0.9835569717982735,19,484.8626012980822,1342.7732435986718,25059,111362
240,0.9826632479046615,20,493.95735396575117,1380.1863654352737,25153,111362
241,0.983345862967389,26,495.9566205859704,1348.453103160119,25262,111431
242,0.9829614178030717,27.5,500.49473800007337,1364.3521178578853,24932.5,111072
243,0.9835397345537,21,489.22470756481243,1341.9864701907366,25140,111362
244,0.9826843068584549,22,494.382237541711,1379.0883160692551,25585.5,111072
245,0.9820983077114197,22.5,499.775769132045,1403.2671172905566,25009.5,111431
246,0.9826337727367904,16,500.7345531883686,1379.067504901081,25255,111352
247,0.9838468987086079,27,483.47427670419125,1329.82989882798,25024,111431
248,0.9829528488915114,23.5,494.38627113050495,1366.9655436362734,25096.5,111362
249,0.9836679050075309,21,483.06266730226247,1338.29437689682,25445,761621
250,0.9830215451224771,25,487.3785339738183,1366.3681044710452,25585.5,111072
251,0.9828848074857358,18.5,493.9298888929632,1370.2110015664102,25323,111431
252,0.9822709974525918,16.5,490.45388874628725,1398.9230515156269,25604,111072
253,0.983653820050692,25,489.6661288548275,1336.5452189298883,25032.5,111362
254,0.9833766444211508,26,492.96406439074474,1348.1352692821574,24870,111431
255,0.9834615012623478,25.5,484.0048036375637,1347.4805864476657,25247,111431
256,0.9836922087090195,23.5,488.10854020754647,1335.3344886642064,25587.5,111072
257,0.983825992465466,23.5,488.449561805581,1328.9857233866785,25305.5,111431
258,0.9831094933314715,19.5,487.0440027868432,1362.492444769297,25183.5,111352
259,0.9837681683177348,23.5,481.7099482967255,1334.1319999452824,25241,111352
260,0.9836342006566126,21,481.8011074034689,1340.3082058123412,25103.5,111362
261,0.9839450592784509,28,490.86223460819184,1322.528162418204,25243.5,111431
262,0.9834777284249492,16.5,481.2520259616442,1347.7202402835233,25063,111362
263,0.9825530351302477,26,492.4846540280884,1385.6514166924792,25248.5,111352
264,0.9834330990150701,23,490.26834366176524,1346.5225575506358,25031.5,111072
265,0.9843424248213668,28,488.1523963184335,1304.7914527299033,24217,111351
266,0.9818773162202384,23.5,502.5886839499835,1411.995528319296,25268,111431
267,0.9828346359040419,22,486.791023431484,1375.0274132286502,25417,761621
268,0.9821535404052412,17.5,492.9129478200286,1403.2554645676419,25255,111431
269,0.9832708725543118,18.5,488.52165303802576,1354.5994111625084,25041.5,111431
270,0.9837537036414855,28,483.60507498808255,1334.1186868820362,24807.5,111355
271,0.9836544475913921,22,487.6305599354626,1337.2602339114862,24939,111072
272,0.9833076229451916,32,487.18954200432694,1353.398151932831,25059,111431
273,0.9839984979548565,36.5,489.41828315793333,1320.558144923335,24943,111352
274,0.9841179799750207,29.5,484.64592424186867,1316.7048579642274,25585,111072
275,0.9831399913311504,23,495.2999523303143,1358.121488213397,25050.5,111362
276,0.9834859785887751,32,482.69814088225587,1346.8239388987522,25073,111431
277,0.9831498101431514,17.5,485.3603828242455,1361.2583863115565,24900.5,111352
278,0.9834027422029411,23.5,490.00872721939055,1348.013164380443,25072,111362
279,0.9828545234477385,24.5,498.49840489897696,1369.9270992461657,25037.5,111431
280,0.9828963639387305,21.5,488.39386161123537,1371.6728078002743,25605.5,111072
281,0.9836351203671309,23,483.45927908767555,1339.6688407443703,25533,111431
282,0.9835230294241426,19,491.9343991786147,1341.7670938661038,24383,111425
283,0.9833988673302545,26.5,491.4659528436801,1347.6602219009312,24560,111367
284,0.9825518309701239,27,494.3993252906017,1385.023585639497,25134.5,111362
285,0.9824137991515489,30,500.3771038832459,1389.046837534053,24946,111072
286,0.983303472138763,17,484.92332514392575,1354.4004176918347,25323,111431
287,0.9837148559898764,26,480.31403322210406,1337.1090326331766,25080.5,111431
288,0.9817328465001214,22,500.42836712991823,1419.0863425944165,25319.5,111431
289,0.9833316167185461,25,482.2468923031792,1354.0690044657756,25569.5,111072
290,0.9827938662145935,23.5,492.0411792746874,1374.995997804032,25076.5,111431
291,0.9833718047968588,29.5,491.5723662498625,1348.866252326112,25064.5,111431
292,0.9833154973500131,17.5,485.42521359686117,1353.6706076164076,25203.5,111352
293,0.9835116616543204,16.5,481.2696270763815,1346.1525104623126,24358,111425
294,0.9823296255618083,28.5,501.9089509002237,1392.2461108590824,25207,111352
295,0.9835350445534145,16.5,481.5918741520296,1344.9602771068028,25244,111431
296,0.9830014867664671,24,493.16050016501043,1365.2019172563755,25002,111431
297,0.9832594960798449,19,486.06857100949725,1356.0021967468954,25571,111072
298,0.9830189393921406,33,499.3016391038099,1362.1741615505412,25132,111362
299,0.9837584832178558,25.5,485.0987495874739,1333.3539278671783,25308,111431
300,0.9825619948866157,24.5,500.4369110043636,1382.397893244822,24930,111072
301,0.9820840800192451,24,499.91720142275676,1403.8454376133318,25154,111362
302,0.9828460635664488,29.5,498.54581790180043,1370.2924924250658,24567,1326881
303,0.9839982726746817,23.5,482.9159913461186,1322.9602076759916,24899,111352
304,0.9828985933761802,25.5,493.20787649884494,1369.848286309296,25598.5,111072
305,0.9834569187015085,20,491.1228044442815,1345.1139953058728,25196.5,111352
306,0.9832938971308769,25,493.1798247222324,1351.8555521468154,25059,111362
307,0.9830442779558954,25.5,493.4343441751311,1363.158784019968,25567,111072
308,0.9835049511529939,18,489.0940926258663,1343.6388563436356,25078,111431
309,0.9834871229677802,25,494.8099079608375,1342.3682455898538,24591,111355
310,0.983805438456476,16,486.56312566462543,1330.6350580676426,25414,761621
311,0.9843771734197825,23,482.9580140075538,1305.0735370287223,24752,111425
312,0.9825220150684447,25,495.9057973671666,1385.8181251186427,25395,111158
313,0.9825117035738505,23.5,492.45843570092774,1387.5084443346625,25405,761621
314,0.9842228458410329,19,476.32870081771847,1314.8026840775085,24961.5,111072
315,0.9835971735797623,27.5,487.65919841589965,1339.9025499786592,25241,111431
316,0.9837233139967207,21.5,483.35557918668184,1335.620148821504,25584,111072
317,0.9830459463216127,18,489.2940119540904,1364.5750395836224,25016,111072
318,0.983060850218914,19,490.95530050236516,1363.301031575816,24943,111072
319,0.9830363891025232,22,484.4365809834623,1366.7410170224439,25212,111352
320,0.9832006465527128,21,482.3892046496278,1360.0000694037526,25242.5,111352
321,0.9840380797931558,23.5,482.69194382310883,1321.1758397997985,25296,111431
322,0.9826460052004666,17.5,489.99985332404384,1382.3701641982143,25399,761621
323,0.9849821215108623,25.5,473.1015364306406,1279.7097106103201,24195,111355
324,0.9830354119943129,27,494.64684096659454,1363.1223212388272,25006.5,111431
325,0.9829497314932218,27.5,500.9064207399802,1364.731376976781,24915,111072
326,0.9817059411477068,14,498.5910307652818,1420.9069203578126,25578.5,111072
327,0.9826339268516909,27,499.337428037109,1379.56707695561,24829,111425
328,0.984207616496678,25,476.1787613215504,1315.5750498720822,25257,111352
329,0.9824720891149622,26,502.1873785339738,1385.7892090771627,25328,111431
330,0.9832421586919793,23.5,492.18400498698253,1354.5878870540976,25100,111362
331,0.9819585144489577,25,501.77169887426203,1408.7181441010532,25311.5,111431
332,0.9831608593934614,24.5,487.82054196765796,1359.8753712489197,24950,111352
333,0.9830636226373743,20,486.9111510395658,1364.624731969296,25408,761621
334,0.9840355792792888,24,482.07352132301713,1321.5190933762703,25410,761621
335,0.9837218140726449,29,492.7791060100473,1332.241322128355,25026.5,111362
336,0.9836296426581136,20,485.03278207619815,1339.3529156917582,25032.5,111072
337,0.983547165749269,25,487.84338674782737,1342.1460674179511,24846,111431
338,0.9840538857996296,19.5,482.26566682556563,1320.5901701986768,24923.5,111072
339,0.9844356699076245,18,475.21367019911264,1305.1386757796681,25252.5,111352
340,0.9837170312135863,20.5,487.24718565509147,1334.4967668133127,24932,111072
341,0.9822843962307553,24.5,494.4266070184445,1396.9292874300113,24938.5,111352
342,0.9825032513789328,22,502.4645594220967,1384.2945464287357,25591,111072
343,0.9841429935986382,38.5,488.5564885776099,1314.0793865682151,25256.5,111431
344,0.982787808503705,19.5,493.50493197902534,1374.7445980432738,24877.5,111158
345,0.9834222719602403,25.5,494.5359172747607,1345.459466264245,25031.5,111431
346,0.9831446633393347,22,487.6256096219427,1360.6832557969972,25587,111072
347,0.9838958124202611,22.5,485.1497561512229,1326.9361742866831,24459,111158
348,0.9823776808740694,22,495.28700817718453,1392.4788900467322,25575.5,111072
349,0.9827633302510903,20.5,503.85673425983646,1372.0905725510577,25028.5,111072
350,0.9833316810895802,20,485.9563639030472,1352.7390091521843,25192.5,111352
351,0.9826376172131365,22,499.55590187378533,1379.3223512051845,24937,111352
352,0.9846087660404099,23.5,477.76572182904914,1295.9554359955528,24829,111425
353,0.9833288746983145,23.5,492.40460562502295,1350.534160761312,25027,111431
354,0.9837451708391121,19,484.1382420886656,1334.3214216257227,24523,111354
355,0.9839149564856778,22,478.83755637857064,1328.3345106558418,25588.5,111072
356,0.9831119539828852,15,487.59341424956915,1362.1839978087467,25024,111431
357,0.9836564016813265,20.5,483.66132521726377,1338.610695461675,25545,111431
358,0.9829420928153968,25.5,487.79872391918155,1369.8170061752332,25036,111072
359,0.9825880502681575,23,494.6568882695904,1383.3094132888054,25589,111072
360,0.9827766379832004,21,488.0711378387298,1377.1863688728513,24564.5,1326881
361,0.983239932207076,23,492.83473286641487,1354.4532042673504,25089,111362
362,0.9833425456064019,20,493.2972388251256,1349.580262935463,25593,111072
363,0.9834120959993855,17.5,492.6389571339518,1346.6235982867859,25548,111431
364,0.9838985290743482,22,487.42906384070994,1325.9742953198847,24790,111158
365,0.981769199673025,26.5,503.7890799750651,1416.3069254924749,25568,111072
366,0.9842321280992313,19.5,474.92086832166035,1314.8747916235238,24779,761621
367,0.9825721929228612,17,490.7713688533607,1385.402274375194,25025,111431
368,0.9821791207739615,26,501.2331414322907,1399.1724270599793,25577,111072
369,0.9840326496140372,22.5,482.998973268307,1321.31814272177,25550.5,111431
370,0.983268557836814,20.5,490.9697847530344,1353.8201950957748,25401,761621
371,0.9831859928044951,25.5,490.92603864911445,1357.610465518125,25335,111431
372,0.983355358774399,19,484.1819515235965,1352.2906469426068,25587.5,111072
373,0.9835350110723002,22,486.9445564885776,1343.03327309185,25252.5,111431
374,0.9831733498762243,22.5,495.1265813501522,1356.6616255591528,25534.5,111431
375,0.9829890592848645,23.5,500.1775879139012,1363.212146874776,25394,761621
376,0.9838623752293305,18.5,488.08364196399106,1327.4224133437992,24940,111072
377,0.9831591537049621,28.5,499.28136115287305,1355.7873358529555,25600,111072
378,0.9833848986061848,30,491.03655898206887,1348.4598564486957,25130,111362
379,0.9831339222450373,22.5,494.8298558908731,1358.5694096488282,25420,761621
380,0.9844534726067841,26.5,483.57163287008177,1301.217603304051,24603.5,1326881
381,0.9829261888621973,31,500.00814051556597,1366.1287677294813,25092.5,111362
382,0.982589348159852,26.5,495.64585090389056,1382.897114882158,25032.5,111072
383,0.9831923867356487,21,483.9134611858751,1359.8344160057638,25415,761621
384,0.9827704700952239,34,501.48890763081664,1372.635478058552,25258,111352
385,0.983303868559507,21.5,493.79890726412674,1351.172091495512,25404,761621
386,0.9837391709389555,29,489.05914707931504,1332.804761361056,25258.5,111352
387,0.9837123653988887,25,483.0618972534927,1336.233803807733,25198.5,111352
388,0.9825961629503129,34,498.5276300832386,1381.555373867041,25420,761621
389,0.9835397852682898,24.5,489.65615488980967,1341.8268806180313,25579.5,111072
390,0.9818644687265817,20.5,499.7060980528767,1413.58192494798,24932.5,111072
391,0.983031581407826,24,493.5171794213633,1363.706267493402,24447.5,111351
392,0.9834204798453409,23,491.0198012540794,1346.829788673845,24519.5,111354
393,0.9837171056554476,27.5,481.28026108320194,1336.656725242304,25399,111158
394,0.9832842270515775,25,491.7876498844927,1352.805504157376,25324,111431
395,0.9838439567191118,36,487.67852297312163,1328.4309792856154,24678.5,111354
396,0.9827815644024237,30.5,497.09636610318654,1373.7317809946649,25581,111072
397,0.9827749737671443,28.5,503.2297678852994,1371.7942527120847,25535.5,111431
398,0.98210387932841,20,497.78882329214184,1403.7270025419195,25245,111431
399,0.9831529090181063,19.5,490.2448021708041,1359.3658461819869,25155.5,111362
400,0.9834246691230151,24.5,493.68534340508234,1345.6614500167952,24187.5,111352
401,0.982581224704563,26,500.50353855744197,1381.5115872447645,25402,761621
402,0.982842275424187,24.5,496.4035788933299,1371.2407196041484,24941,111072
403,0.9831210274403254,18.5,491.9715448645081,1360.1951931451,24398.5,111425
404,0.9831120955956948,22.5,490.87015510982366,1360.9999405517462,25076.5,111431
405,0.9837992786462469,18.5,475.1279747717355,1335.0474853130252,24451,111351
406,0.9824106350077518,14,493.5829635876939,1391.6170016966787,25260,111352
407,0.9841971149575739,16.5,482.67283927982106,1313.7015068167286,24498.5,111352
408,0.9825124806990889,20.5,498.0015034285505,1385.492918649834,25245.5,111352
409,0.9832490924694226,20,490.819588573943,1354.7653403067663,25243.5,111352
410,0.982805312411802,25.5,496.79436030948625,1372.769816668215,25029,111072
411,0.9824576407153399,21.5,492.6660555168494,1389.8471379405348,25055.5,111362
412,0.9834226759419468,29,498.69377727256057,1343.9049713536729,25143,111362
413,0.9836577260658085,25,487.4871108503539,1337.1608155675901,25398.5,111158
414,0.9828271871995081,23.5,501.6165523816508,1370.0255469298716,25247.5,111431
415,0.9824869110477046,20,490.00707711488394,1389.4818846860526,25603,111072
416,0.9831219614677087,21,484.71665872171906,1362.754622886071,24891.5,111352
417,0.9824594760828181,24,499.777822595431,1387.223416151592,25340.5,111431
418,0.9839952159806696,22.5,483.5843936782663,1322.8592903943122,25323.5,111431
419,0.9829141347293406,24,489.1637637050347,1370.5949675711374,25588,111072
420,0.9832667103600952,18,485.24656228227786,1355.967212831534,25529,111431
421,0.9830412975942877,18,486.7276227494408,1365.7032548605496,25412,761621
422,0.9833244437996893,24,495.18708518206154,1349.7193198213156,25075,111362
423,0.9833610821262864,32,491.78412966154525,1349.2812784237312,25579,111072
424,0.983088546892582,15.5,490.2808111180375,1362.284027856905,25589,111072
425,0.983723961774132,23,486.3297642184005,1334.5095361271553,24312.5,111158
426,0.9835085998769769,21,486.6140588903964,1344.371457803069,25099.5,111362
427,0.9825085558904274,19,496.769645410876,1386.110842722768,25210,111352
428,0.9832167848959132,21.5,492.20112940486234,1355.7415434542786,24934.5,111072
429,0.983915587488637,17.5,477.76132155036487,1328.6928875678857,25055,111362
430,0.9831980352419261,35.5,497.1112170437461,1354.807277198146,25421,761621
431,0.9833397552377015,20.5,491.1516629386528,1350.4912119513522,24762.5,111425
432,0.982843018931174,26,494.6295698727586,1371.848569584121,25578,111072
433,0.982450590206914,17.5,495.9012504125261,1389.011177424755,25582,111072
434,0.9835182150117912,26,488.0536833999487,1343.4058446077545,25402,761621
435,0.9834781833930003,25.5,485.60228814491586,1346.1382114616117,25537.5,111431
436,0.9836328710275095,24.5,489.9026438341095,1337.4299242823704,25143.5,111362
437,0.9830534259895605,21,488.50331854350776,1364.5190059571357,25240.5,111352
438,0.9833157721926207,22.5,488.0714678596311,1352.7064877478786,25391,761621
439,0.9838499650709456,28,484.132521726376,1329.4468309050164,24951,111352
440,0.983039107087385,24,494.6241428623813,1362.963422518914,24947.5,111072
441,0.9841527079886706,21.5,478.22899783652963,1317.4164373621281,25251,111431
442,0.983873869654828,28.5,487.28895163360346,1327.1779679598758,25597,111072
443,0.9839571766125949,16,479.73418649847827,1326.0392120730014,25527.5,111431
444,0.9824304587124093,20.5,496.22005060320487,1389.7950480802433,25019,111431
445,0.9825979133740537,19,493.0731913021158,1383.4333589880343,25588.5,111072
446,0.9836521649402654,30,487.12379450698546,1337.5508717737364,25101.5,111362
447,0.9837268465368891,30,483.3133365113124,1335.471181269261,25600.5,111072
448,0.9841864563434222,30.5,491.6267096916138,1310.880953627736,25077.5,111431
449,0.9834219636134774,21.5,483.903157199956,1349.334512326236,25026.5,111072
450,0.9832292627656153,32,491.96120420959994,1355.2582272336751,24475.5,111354
451,0.9828321951927496,18.5,493.7643284074658,1372.6488221590578,25582,111072
452,0.9831408944374858,27.5,492.2526493344579,1359.1880712292862,25231,111431
453,0.9830293234963801,18.5,498.3457885666092,1362.0519798551827,24480,111352
454,0.9833250251378174,31,493.45352205639693,1350.327615666312,25596,111072
455,0.9835510312242436,14.5,484.06842433354115,1343.3340288022314,25536.5,111431
456,0.9833045664960809,23,490.1793113563859,1352.4577325729308,24744,111425
457,0.9827601857149514,23.5,497.74892743207073,1374.4598443429559,25189.5,111352
458,0.9832700189236263,17.5,486.6205859704448,1355.3228678092582,25033,111072
459,0.983639209876241,22.5,488.567819295222,1337.6245318625447,25244.5,111431
460,0.983094716840444,21.5,490.33878478970337,1361.9824017536855,25139,111362
461,0.9832339935002951,18.5,490.64995783066263,1355.517270751417,25241,111352
462,0.9819886951703956,18.5,504.5867404935646,1406.3828394471777,25603,111072
463,0.982946784574919,20.5,489.5828169117377,1368.9687204200013,25208.5,111352
464,0.9836630996310711,15,485.6557515309303,1337.578166827046,25248,111431
465,0.982636178851429,23,500.9100876388838,1378.895484797674,25336.5,111431
466,0.9835731045282873,27.5,490.3553225037586,1340.031236629242,25258,111352
467,0.9837005319858823,21.5,482.775769132045,1336.8863683549266,24305,761621
468,0.9830238318085218,20.5,489.5409775952477,1365.489823534371,24823,761621
469,0.9835297355773623,24,488.0329287521543,1342.8815678934502,24218,111355
470,0.9824524583593988,29,498.7832129368193,1387.8948480933088,25586,111072
471,0.9837760537015603,20,485.6975541784313,1332.3190564316035,24940.5,111352
472,0.9835312310035509,29,491.1077701587767,1341.6909592299326,25024.5,111072
473,0.9826510124466638,41.5,502.4857174287705,1377.6550974119987,25079.5,111431
474,0.9836877321717372,24.5,493.24762568295995,1333.6527764926532,24330,111425
475,0.9833116666304625,20.5,487.3552858347695,1353.1528910164895,25307.5,111431
476,0.9836377631328107,16.5,485.90506398738586,1338.6608075573738,25314,111431
477,0.9835244742848005,21,485.369036705658,1344.089201105562,25246,111431
478,0.9824705073026806,21.5,494.7973304975982,1388.5154056914619,25066.5,111362
479,0.9824044226874196,18.5,493.87213523523155,1391.7905443589232,25307,111431
480,0.9830317735095642,24.5,485.8520039602508,1366.4470388631587,25192,111352
481,0.9835297018914843,30,494.0783249605808,1340.6708550814235,25145.5,111362
482,0.9817484361050386,23.5,506.2221040665909,1416.347938787622,25575.5,111072
483,0.9824382368092452,29.5,497.3234204832973,1389.0533918170127,25037.5,111431
484,0.9838153720161744,28,489.3306076051483,1329.1567161135663,25016.5,111072
485,0.983466571517819,21,491.27406402405484,1344.6142523319065,25191.5,111352
486,0.9829835818115807,16,493.97810861354554,1365.7194275886075,25590.5,111072
487,0.9837078210682274,32.5,493.7383667632283,1332.5375201753177,25240,111352
488,0.9838174323765592,30,488.0824685563419,1329.5197706934514,24865.5,111352
489,0.983425994444309,21,489.567782626233,1347.1042540045255,25118.5,111362
490,0.9828919909040928,33,492.85937442704704,1370.2725489629954,25036,111431
491,0.9830837923392608,27,497.6682923251806,1359.8192916809166,25261.5,111431
492,0.9840668541358725,28,488.777785926442,1317.5837543893301,25314.5,111431
493,0.9844640074909531,17,477.0150342855048,1303.1348360015288,25580,111072
494,0.9834506379293483,25,491.3518022808111,1345.319462782733,25249.5,111352
495,0.9835411529728741,29.5,487.5815334971215,1342.5186645915533,24969,111158
496,0.9835635895377354,27,493.3158300025668,1339.383390418658,25573.5,111072
497,0.9822807454389426,21,496.25275934142496,1396.4434374214684,25604,111072
498,0.9825735351935638,24.5,493.59598107880163,1384.3380283888037,25519.5,111431
499,0.982847494629605,24,500.964357742657,1369.3448906573294,24424,111355
500,0.9826681244906097,40,498.2277144219134,1378.431726825324,25404,761621
501,0.9832094168427614,20.5,489.0061603901581,1357.2338482070522,24565,1326881
502,0.9840222561722795,26,492.2565362472956,1318.386251029649,25204,111352
503,0.9826858509932945,17.5,497.7233691467126,1377.8170221343612,24953,111072
504,0.9842280209470435,17,481.4813904880643,1312.6801486971174,25519.5,111431
505,0.982768043541222,19,494.780829452532,1375.1773754581784,25204,111352
506,0.9832916420075525,27,494.07029445198197,1351.6341511710423,24785,111425
507,0.9830687127961224,28,501.46664955447176,1359.1114244933724,25075.5,111431
508,0.9833838773521943,27,496.7377067214257,1346.416131576662,25526,111431
509,0.9836530101511543,29.5,478.65743830442597,1340.5652230137725,25587,111072
510,0.9828948209989907,18,491.18605845036853,1370.7450005404953,25588.5,111072
511,0.9822250430987376,29.5,500.17252759341426,1397.516834143553,25586,111072
512,0.9848216064537708,21.5,473.20211946756626,1287.4229583639872,24877,111431
513,0.9833818394041836,27.5,490.00814051556597,1348.974194095784,25033,111431
514,0.9832583290616485,23.5,489.1999926662022,1354.9284547060793,25075,111362
515,0.9840268315401381,20.5,482.2774742400352,1321.8545471340508,24322.5,111425
516,0.982381648864779,23.5,500.56481243812107,1390.4131638660763,24878,111431
517,0.9826287409005666,21.5,496.8829525869972,1380.685981329091,25538.5,111431
518,0.9829788598651452,22.5,493.0493564592424,1366.2691641066338,25263,111431
519,0.9824496599508351,20,494.6332001026732,1389.5041611714403,25399,761621
520,0.9835688970355695,19.5,487.98489237651717,1341.0903309376097,25247.5,111352
521,0.9826439289495699,36,498.0962560962194,1379.5663722034358,25106,111362
522,0.982828275687724,24.5,498.13585860437826,1371.246222459289,24813,761621
523,0.982222885012662,18,490.612628799824,1400.996849675974,25408.5,111158
524,0.9839635885231494,24.5,488.8350628873162,1322.4111418656018,24965.5,111352
525,0.9836142972053542,20.5,487.9383227604415,1339.008049637937,25051,111362
526,0.9828345767908371,25.5,492.8344028455136,1372.8755138729725,25304,111431
527,0.9832221125223692,22.5,490.84562355615856,1355.9894826259244,25098.5,111362
528,0.9832850546329545,30.5,491.81269480400425,1352.7586127688958,24765.5,111425
529,0.9827891475221785,20,492.7794726999377,1374.9451556185381,25583,111072
530,0.9827596923969127,25.5,500.4715631990026,1373.4927926278704,24946.5,111352
531,0.9834661527798808,29.5,492.49484800704045,1344.1863685926553,25038.5,111362
532,0.9827901803170926,21,492.23955850537203,1375.0916234961671,25318.5,111431
533,0.9829759050807312,36.5,497.4570789483334,1364.8045401187208,24935.5,111072
534,0.9830783838652924,26.5,497.3888012907484,1360.1678498207855,25245.5,111352
535,0.9825242083054276,20,492.0539400828719,1387.093219526822,25069,111431
536,0.9823523506520814,20.5,492.76740860254483,1394.4985717321445,25042,111362
537,0.9825829727577584,29,500.89208316526714,1381.291746370725,25240,111352
538,0.9813031088488262,40.5,520.4417146419273,1430.6085241149863,25327.5,111431
539,0.98296936469788,27.5,493.0592937552712,1366.6963787336372,25063,111362
540,0.9832845266851216,31.5,493.2302445821569,1352.2667699795193,25013,111072
541,0.9841354535817185,27.5,482.9549338124748,1316.5043164883157,23773.5,111351
542,0.9836190182949868,20.5,488.74786403138864,1338.4939175505724,25576.5,111072
543,0.9825661091211074,37,501.9855890873089,1381.65144671791,25528.5,111431
544,0.982794957201013,19.5,497.6305966044516,1372.9339252677416,25543.5,111431
545,0.9835575866654308,33,493.45121191008764,1339.6121783789588,24938.5,111352
546,0.9833782246705915,27.5,500.31916688056907,1345.3505121525054,25593.5,111072
547,0.9837583462583719,19,479.82875582120204,1335.2664340637348,25248.5,111431
548,0.9832313675993497,33,490.12419786586486,1355.8273840286831,25552,111431
549,0.9834306279634021,25.5,492.22470756481243,1345.9221390760886,24558,1326881
550,0.9825233970350117,23,499.08261523229805,1384.6157668449644,25579,111072
551,0.9826231057418573,30,499.0464596091086,1380.1588818105492,25425,761621
552,0.9836509696197838,21,489.46855634190166,1336.7498709565211,25035,111362
553,0.9838002419107271,21.5,487.8229254519453,1330.4161579703532,25589,111072
554,0.9817599293718812,25.5,505.934765868505,1415.94680088592,25592,111072
555,0.9825950052009262,18.5,490.22613765538483,1384.5745990816247,25028.5,111431
556,0.9840888857455078,24,479.36958674049356,1320.001822020323,25033,111431
557,0.9816170248545163,22.5,507.4912177771259,1421.6338550381001,25315,111431
558,0.9823922320902908,35.5,498.2289244985516,1390.7797674750861,25133.5,111362
559,0.9836496316000654,22,491.9240951926955,1335.9104730213091,25147.5,111362
560,0.9829280560739796,16,485.0569836089619,1371.424573265244,25201.5,111352
561,0.9834238244467092,32,492.8360529500202,1346.0122128138753,24944.5,111352
562,0.9839924401565128,23.5,480.35293901947125,1324.1664237695811,24937,111352
563,0.9830408350085522,18,485.1296615452312,1366.2930634735037,25545.5,111431
564,0.9825100810495504,21,498.8895163360346,1385.2813174310993,25586,111072
565,0.9824976779601563,23,497.5000916724726,1386.3358514726747,25572,111072
566,0.9838352378360856,31.5,491.15169960764183,1327.5576817745173,25591,111072
567,0.9838765267119385,17,479.1353819075208,1330.0191991339473,24349,111425
568,0.9840452705377014,20.5,478.44398811924754,1322.3834354857443,25268.5,111431
569,0.9827389158306334,27,493.38638113747203,1376.9897371976695,25557,111431
570,0.9832245677120104,23.5,486.8936599317957,1357.3013749924621,25253.5,111352
571,0.9840230561883159,17,478.31770012100765,1323.469748283713,25207.5,111352
572,0.9818875271124882,25,509.32158703384545,1409.1319634893612,25585.5,111072
573,0.9826862894471114,19,495.64049723149134,1378.5479462916649,24351,111425
574,0.9823794883522028,29,500.7884932712405,1390.428760059195,25590,111072
575,0.983679825469675,21.5,483.0568736019948,1337.74397381794,25023,111431
576,0.9840845851357194,19,478.4630559935463,1320.5325995107796,24919,111072
577,0.9836897663672106,18.5,484.9497634850207,1336.5980529327542,24206,111355
578,0.9833375176814164,22.5,492.36540647574344,1350.1517523086025,25185.5,111352
579,0.9830117307373312,19.5,484.4944813171501,1367.8374358302958,25606,111072
580,0.9828010901816686,26.5,501.5065087455539,1371.2457025473157,25526,111431
581,0.9828968163755882,22,497.5282901250412,1368.3653305087523,25618.5,111072
582,0.9838160108118941,18,477.9767885299402,1333.2525231329232,25155.5,111362
583,0.9830587011889506,28.5,496.05907374133693,1361.5498642272069,24045,111217
584,0.9826141292164914,21,496.0198012540794,1381.6517273282602,24332,111425
585,0.9834624524724942,22,493.43786439807855,1344.0109263980232,25032.5,111431
586,0.9829534046737091,42,500.2509625609622,1364.8051887578833,24946,111072
587,0.9831430912187652,23,488.8753621062667,1360.3062504411319,25564,111072
588,0.983374386011885,17.5,487.75732463055994,1350.1316605788802,24951.5,111072
589,0.9825077814065082,18,491.95214696930805,1387.8624870528524,25024.5,111072
590,0.9833627215765507,23.5,487.7111950423527,1350.6839221141727,25524,111431
591,0.983065637227631,19.5,493.48557075281434,1362.169179090183,25244.5,111431
592,0.9828929364822627,21,490.0614572256243,1371.232625333691,24942.5,111072
593,0.9827689458035322,20.5,489.0255949543471,1377.1936816331533,25318.5,111431
594,0.9833759762500396,21.5,490.54013420849986,1349.0500942499727,25040.5,111362
595,0.983118026698327,20,495.1424956913938,1359.1811570922803,25087.5,111431
596,0.9827645054610202,24,492.9685013384181,1375.9868867213597,25040.5,111072
597,0.9826669146365045,22.5,496.1625536283965,1379.230791351556,24508,111352
598,0.9835534987601761,26.5,494.28334127828094,1339.4941334882742,25039.5,111362
599,0.9837700173284015,20.5,481.9722415752998,1333.951585113191,25427,761621
600,0.982899481952785,33,498.98731252979354,1367.7130946985847,25553.5,111431
601,0.9840149762930779,23,487.0469729749551,1320.6607998814509,24947,111072
602,0.9836635521778427,20.5,480.2574896410106,1339.5050688449185,24868,111431
603,0.9838032622608027,19.5,489.3562758974735,1329.712140551429,24819.5,111355
604,0.9834913799515592,21,489.27102049796486,1344.2007358151627,24856.5,111431
605,0.9833166526771331,16.5,484.33581460159144,1354.0084122893836,24820.5,111355
606,0.9827738622380757,20,493.6363903047193,1375.3263912369819,25374.5,111158
607,0.9829059590970085,25.5,499.6010413992886,1367.1956796424909,23524.5,111351
608,0.9827605222621889,19,494.02093799273956,1375.7892230795853,25588.5,111072
609,0.98353404242063,22.5,489.25844303472553,1342.236520003954,24550.5,111354
610,0.9828001559300094,21.5,493.8221187341865,1374.0738391719744,25247,111352
611,0.9837700335771464,22.5,484.651351252246,1332.9793687550089,25327.5,111431
612,0.98190450062552,27.5,509.58186351802283,1408.2907017976436,25135,111362
613,0.9830122975460676,25.5,494.341498294892,1364.2841158422639,25087.5,111431
614,0.9826265004801761,18.5,489.51952623666165,1383.4147024374658,25071.5,111431
615,0.9836508179273139,19.5,487.37431704007923,1337.5224847569293,25090,111362
616,0.9834884580573775,20,486.49283121264347,1345.3431837091382,24323,761621
617,0.9833079547776622,29,497.61251879285686,1349.5847698352459,24958,111352
618,0.9833562838825236,14.5,487.55619522569765,1351.035305607455,24928,111072
619,0.9830588516306517,20,489.7633750137509,1363.8204564338985,25093,111431
620,0.983904408011334,23,483.6037549044773,1327.0993913924576,25210.5,111352
621,0.9831185072746823,20.5,496.09269920428295,1358.8121748424437,25249.5,111352
622,0.983195637564053,21,488.4830772615599,1358.0516720528478,24941.5,111352
623,0.9833355018964124,29.5,489.90341388287925,1351.139112084713,24815,111158
624,0.9840895912803137,24,488.14407245792233,1316.74886690311,24393.5,111354
625,0.9840925739168038,17.5,482.4061457225624,1318.7217939156362,25032,111072
626,0.9827717172514862,23,486.8434234168164,1377.8423369653776,25236.5,111431
627,0.9831768843739965,18,491.06266730226247,1357.9768254664393,25011,111072
628,0.98275493014868,16.5,493.84665028785156,1376.1033408375094,25555,111072
629,0.9828109615745518,19,494.4573723002457,1373.358529969752,25022.5,111072
630,0.984048791928122,24.5,482.8757287961571,1320.606121352523,25255.5,111352
631,0.9837598796920514,18.5,478.5665358806058,1335.6479048892365,25389,761621
632,0.9825642528480731,32,501.95629056506914,1381.7450566685964,25534,111431
633,0.9825167387516434,23.5,498.157970004767,1385.2466246255556,25081.5,111362
634,0.983267600845076,22.5,487.1635803600895,1355.238132990978,25032,111072
635,0.9820416226266845,23.5,504.5397675186095,1404.0653657396458,25596,111072
636,0.9840306739891537,18.5,481.9037072347915,1321.8109662213426,24930.5,111352
637,0.9827348178606397,20,492.4985882439221,1377.4914563207753,25312,111431
638,0.9830347388683575,24,492.75611455392175,1363.8382181251723,25404,761621
639,0.9832442241280327,22.5,489.9791720142276,1355.292466507334,24755.5,111425
640,0.983645455036509,17.5,477.7366066517546,1341.242679141539,25417.5,111158
641,0.9840774926845314,21,483.6807597814528,1318.9637311956528,24853,111431
642,0.9831564747264891,28.5,492.5182428220454,1358.381237139116,25086.5,111431
643,0.9840944440843231,33,485.3994719665579,1317.5352973070155,25300.5,111431
644,0.9842735148096532,23,479.01125737963406,1311.4359981724904,25336,111431
645,0.9835193967319277,19.5,488.8967034578857,1343.0447065842181,25094.5,111362
646,0.9839614051643013,13,478.5631990026035,1326.2654082448769,24816,111355
647,0.9821325766923151,24,504.6611418723186,1400.0016202202899,25609,111072
648,0.9830118113295252,16.5,487.8910197645851,1366.6265282631177,25573,111072
649,0.9836336474394328,25.5,487.63532690403724,1338.2220236675048,25394,761621
650,0.9838511750046369,25.5,488.7209123244472,1327.7105507654885,25189,111352
651,0.9834820063574631,19.5,484.18294158630044,1346.473269816175,24848,111431
652,0.9836543149061101,25.5,487.3427083715302,1337.3715774933455,25588,111072
653,0.983528664425597,22,483.0909390928092,1344.7167756345345,25050,111362
654,0.9827480912153596,27.5,496.4883942649701,1375.461051676231,25604.5,111072
655,0.9828716774854459,17,496.1674672729273,1369.9967915853128,25314.5,111431
656,0.9826418044807156,25,498.87671885886107,1379.38017051979,25248.5,111352
657,0.9835741728746217,28,495.81625169594076,1337.9706175826075,25014.5,111431
658,0.98239437521096,19.5,494.58677716255363,1391.9843132397475,25609.5,111072
659,0.9830324670153391,27,493.38066077518243,1363.7150680177142,25201.5,111352
660,0.9829425423975093,25,498.945949910161,1365.7761748756975,24833,111425
661,0.9828451671647341,18,492.6389571339518,1372.4678904813566,25576.5,111072
662,0.9832965733729531,22,481.4100693043893,1355.9691933745473,25099,111431
663,0.9836070186727242,28.5,489.412892816545,1338.8067125952205,25583,111072
664,0.9839572168277186,29,489.8750320853654,1322.3239579003725,25240.5,111431
665,0.9831977757858692,21,486.66847567012576,1358.605021276958,24795,761621
666,0.9847250299732855,32,479.9975798467236,1289.5545379534924,24811.5,111355
667,0.9826320837912548,15.5,481.47999706648085,1385.9837983689933,25028,111431
668,0.9825930677210356,28,497.8493637930402,1381.93855205939,25417,761621
669,0.9829114035951689,21.5,494.99699314289904,1368.6228397932425,25091,111362
670,0.9833016999096907,20.5,485.6986909170914,1354.2042509621356,24335.5,111425
671,0.983738320646707,18.5,490.5288401598768,1332.3040624418077,24453.5,111351
672,0.9834513526765853,26,492.17498441567966,1344.9858798567718,25081.5,111431
673,0.9838889757720809,21,485.6648454402112,1327.0674094933795,25534.5,111431
674,0.98225139701077,20.5,495.0047302995857,1398.1880132393958,24936,111072
675,0.983624402469801,24.5,490.43192402185474,1337.62837348857,24839,111431
676,0.983417378152784,17,488.09167247258995,1348.0357148516287,25084,111431
677,0.9827587611214436,25.5,491.2775475780133,1376.8500093905375,25085,111431
678,0.9830345642047079,21,495.7325363939716,1362.7668744481425,25263,111431
679,0.9829526112157106,30.5,503.06714091892485,1363.805642794767,24919,111072
680,0.9820578133922867,21,497.9759084742034,1405.6935848796347,24932,111072
681,0.9825491257952177,23.5,500.9635510248982,1382.7835693688758,25580,111072
682,0.9819876485700677,20,497.664625426277,1408.8936972832182,25306,111431
683,0.9834164299880315,24,496.2403652231308,1345.1010879261921,24953,111072
684,0.9817084894135751,19,497.0563969051373,1421.3331754022843,25309.5,111431
685,0.9823964306954404,25,501.86058450368523,1389.2866869084505,25334,111431
686,0.9830125658968516,21,489.3886546147923,1366.0567303536648,24937,111072
687,0.9826992340991627,34.5,499.5240731913021,1376.5626232928657,25027,111072
688,0.981964373574327,26.5,504.45172527593417,1407.502900668558,24297,761621
689,0.982717647966901,23,499.75142092332516,1375.6512231876977,25037,111431
690,0.982305757321199,22,498.1955190495398,1394.640404316512,25197,111352
691,0.9831381259193147,20.5,486.3246672289245,1361.446134636727,25076,111431
692,0.983646916371984,21.5,494.36115287301527,1335.1366234586355,25537.5,111431
693,0.9829948111082855,38,500.6410105973378,1362.780212247666,25017,111072
694,0.9828089300000362,21.5,490.324190532067,1374.9307980829824,25198.5,111352
695,0.9839175171586547,17.5,481.68101646437606,1327.1865661048084,25264,111431
696,0.9824194985465047,18.5,502.040739246819,1388.192598347853,25072,111362
697,0.9831104586019532,31.5,495.91331450991896,1359.2447933381695,25077.5,111362
698,0.9829512184074491,19,490.17601114737266,1368.5548369087007,25203.5,111352
699,0.9833661130758024,19,487.177367899967,1350.7207633447683,25308.5,111431
700,0.9825071228494352,20.5,488.49748817425103,1389.11220308001,25253.5,111431
701,0.9829147322804304,24,495.40372556928605,1368.3253245355668,25256.5,111431
702,0.9827506872554177,20,498.005133658465,1374.795230187442,25548.5,111431
703,0.9823149084310082,25.5,497.66293865278135,1394.4239358990308,25555.5,111431
704,0.9824999960872175,24,493.9777419236552,1387.4912168787355,25549,111431
705,0.9822448715834591,16.5,495.164167063914,1398.4208347623132,25021,111072
706,0.9836793554967634,20.5,485.119284221334,1337.019500232978,25535.5,111431
707,0.9832971997589061,20.5,483.41091269113707,1355.228081034683,25142,111362
708,0.9824656054965402,26.5,499.08606211726743,1387.1989218993333,25056,111431
709,0.9831528401855465,15.5,488.1028565142459,1360.1397210240125,24941.5,111072
710,0.9824503470458475,21.5,482.6794030288585,1393.6711638888842,25325.5,111431
711,0.9827933401190169,23,491.5288401598768,1375.2033462207726,25251,111431
712,0.9828136902690175,27.5,504.1238311759745,1369.7155999565339,25036.5,111431
713,0.9838729821930273,19,485.1608668549008,1327.9982689171895,25070.5,111362
714,0.9828338906588548,18,492.21176341168274,1373.129874337922,25200.5,111352
715,0.9832380771909986,32.5,498.863408015841,1352.3289315261711,24940,111352
716,0.9835044963488787,35,497.2814344908511,1340.6513423364336,24936,111072
717,0.983051871767409,19.5,495.1328150782883,1362.198096296923,25247.5,111352
718,0.9837333715952415,21,485.8343661765245,1334.253127479812,24952.5,111352
719,0.98400193957234094,18.5,482.4459682446555,1322.959216397875,24316,761621
720,0.9823734274830147,19,492.345605221664,1393.7104314943908,25253,111352
721,0.9831681945164772,26.5,487.3644164130395,1359.7047140004393,25413,761621
722,0.9830309715498747,16.5,491.6897436837666,1364.3941231285667,24380,111425
723,0.9835043808806289,26,492.9555938542774,1342.2534200195735,25594.5,111072
724,0.9834776336445453,21.5,496.55395841736646,1342.162139088866,24957,111072
725,0.984028498243682,25,479.04040922591764,1322.9535835995785,25542.5,111431
726,0.983187176557382,30,492.66873235304905,1356.9247597100023,24941.5,111352
727,0.9828855136582012,20.5,487.4330607605148,1372.5045636128025,25248,111431
728,0.9831871402319764,21.5,489.4975615122291,1358.0739005469557,25525,111431
729,0.9831426203449716,30.5,492.07047779692715,1359.1752402271604,24585.5,1326881
730,0.9841767934181129,22,479.63496021414693,1315.7715044931867,25202,111352
731,0.9831072131101847,17.5,490.1061200542701,1361.4977261733068,25551.5,111431
732,0.9830718033077115,27.5,495.25792966887906,1361.2451518748744,25289.5,111431
733,0.984930331362566,22,477.1713541857651,1280.706847994882,25255,111352
734,0.9834550376566873,19,488.55388507938835,1346.135852052323,25050.5,111431
735,0.9840533629462019,20,482.54919144879176,1320.5106650779132,25587.5,111072
736,0.9822475463063424,18.5,498.51882952587,1397.1096652856766,25308,111431
737,0.9835582536484871,28,485.84250669209047,1342.35919758112,25069.5,111362
738,0.9835810093813179,28.5,487.74856074218036,1340.616754856626,25246,111431
739,0.9822085015316955,19.5,496.5736863334678,1399.531900831124,25592.5,111072
740,0.9824877683020748,30,500.49983498954936,1385.6984680322423,24930,111072
741,0.9829391993617569,18,493.7214990282718,1367.8246718233809,25539,111431
742,0.9833505158815233,25.5,493.3373546991309,1349.1996812142597,25126.5,111362
743,0.9830833107151439,15,481.8241721975725,1365.5359057048574,25030,111431
744,0.9827605800541668,24.5,496.01166073851346,1375.0704638582806,25229.5,111352
745,0.9833766770793528,19,481.2091965824502,1352.3748645267142,25534.5,111431
746,0.9830669183100627,19.5,487.9055040152543,1364.1197463759013,24941,111072
747,0.9826140279732323,21.5,497.4967914634594,1381.1251037266998,25402.5,111158
748,0.9832669558486281,27.5,489.261963257673,1354.511923315789,25413,761621
749,0.9837228598103491,22.5,478.0814784936379,1337.5379190544468,25135,111362
750,0.9837186806554782,20,483.47192988889293,1335.7927839978763,25015.5,111431
751,0.9833687240615153,18.5,485.33893146565947,1351.2627287574203,24878,111158
752,0.98312026434215,24.5,488.7083348612079,1361.4066397060424,25053,111362
753,0.9831508086148386,24,491.53683399948665,1358.994689985671,24392.5,111158
754,0.9826282645549835,25.5,500.5714861941256,1379.374266314575,25261.5,111431
755,0.9829613929799326,30.5,497.06882769242054,1365.604733422832,25071,111362
756,0.9819857084528849,26.5,500.5027318396832,1407.9730573806216,25593,111072
757,0.9839442361630731,20,484.6939239485167,1324.8399977174624,25088.5,111362
758,0.982881874310123,22,495.0730079571706,1369.9321223089178,25188.5,111352
759,0.9827762555519691,30,501.05999046606286,1372.5308000943949,25152.5,111362
760,0.9830789736002777,22,496.862417953137,1360.3332217829845,25595,111072
761,0.9826129045877388,21.5,496.27109383594296,1381.6170527027928,25322,111431
762,0.9831308244088005,23,498.38231087968904,1357.4118635849088,24953,111352
763,0.9830355990353954,20.5,487.0878222287411,1365.8336635833086,25260,111431
764,0.9832231227442344,21,486.8224854240769,1357.3931526131184,25399,761621
765,0.983655311122583,18,482.95812401452093,1338.9154805480632,25068,111431
766,0.9834588788851938,21,484.2669869091709,1347.5068890191621,25575,111072
767,0.9831364571037127,36.5,495.6872868615012,1358.1414990333271,25414,761621
768,0.9827777871385271,23,493.5512815811668,1375.1797136819457,25036.5,111362
769,0.982211012059146,20,498.2767041912654,1398.815417672007,25600,111072
770,0.9831337334597353,23.5,488.8207986505812,1360.7520276984092,24861,111431
771,0.9825837570854311,22.5,494.71841883319274,1383.4799647953105,25605,111072
772,0.982985186908122,27.5,500.3848777089216,1363.3122363324933,25531,111431
773,0.9828019210996332,17,494.0961094202633,1373.8956747861475,24378.5,111425
774,0.9830008444989875,33.5,492.88221920721645,1365.3317398070462,25068.5,111362
775,0.9826094553587478,26,493.69260386491146,1382.6948967329508,25045,111362
776,0.9831932895870851,17.5,489.8438634446848,1357.6688771644292,24053.5,111217
777,0.9836038862586366,35.5,491.792013494188,1338.079677374752,24835,111355
778,0.9828276390724682,23.5,487.5019617909134,1375.0911463159036,25080,111431
779,0.9827652645746828,27,494.07476806864435,1375.5559810578868,25079.5,111362
780,0.9827725804391495,24,491.9394594991016,1375.991160596299,25258.5,111431
781,0.9824935460097166,19.5,494.16530380257416,1387.71267889441,25070,111362
782,0.9834107038736625,26,493.1646437607715,1346.495199013441,25324.5,111431
783,0.9832005311263105,29,493.75079755051155,1355.9208519536635,25083,111362
784,0.9836994396319771,18.5,483.1236111620403,1336.8111363387645,25583,111072
785,0.9825251772194319,18.5,501.4180631439991,1383.6915184701052,25091.5,111362
786,0.9835074270679145,17.5,486.4700231014631,1344.4776246882175,25244.5,111431
787,0.9834881654942303,35.5,495.07069781086136,1342.223961472182,24887,111352
788,0.9833684850177438,25,483.56873601994795,1351.9082226334997,25401,761621
789,0.9830075933044377,32,495.3969418063144,1364.115328245156,25028.5,111362
790,0.9837834731777962,20,482.57320963661033,1333.1087914557113,24442.5,111158
791,0.9830037393993524,18.5,490.7531443658098,1365.967357391201,25410,761621
792,0.9819158703626466,21.5,498.18279491034434,1411.8646131334215,25127,111362
793,0.982243140328696,20,494.28517472773274,1398.8083925788787,25597.5,111072
794,0.9827152799997656,18.5,493.7421803380881,1377.9253709330624,25028,111362
795,0.9833457758835559,25,487.4186865168127,1351.567101252205,24341,111425
796,0.9836442263916219,23,484.6943273073961,1338.8007703029277,25192,111352
797,0.9835269297873537,19.5,488.26489677679587,1342.9269579295474,25077.5,111362
798,0.9836352440386803,26,485.1622602764842,1339.0467171559062,25536,111431
799,0.9838450933962677,27,486.73781672839283,1328.7226826044925,24962,111158
800,0.9822375315659417,29,498.63763705034654,1397.5114606803822,24925.5,111072
801,0.9834785690017788,30,492.25906640753914,1343.7003289999582,25337,111431
802,0.9830380147220488,29,490.2127168053977,1364.6052209822467,24875.5,111352
803,0.9830259107414675,22.5,492.73044626159657,1364.24864917277,25540.5,111431
804,0.9844970809066472,19.5,481.62197939202815,1299.8633117680997,24465.5,111352
805,0.9827070865271911,20.5,497.63617029078506,1376.8931012364576,24667,111354
806,0.9833014187140425,29,487.79843056726924,1353.4624440785528,25594.5,111072
807,0.9842377291980109,18.5,483.74082358549373,1311.3904885444501,24818,761621
808,0.983184522438028,21.5,491.2227641083935,1357.5701704317385,25252,111431
809,0.9839384172616273,21,481.0525099922995,1326.438125977391,25580,111072
810,0.9834503394484099,33.5,494.26365003116865,1344.2662509085505,24937.5,111072
811,0.982899364130422,32,499.76792196839136,1367.4332167934579,25259.5,111431
812,0.98403063886805,27.5,484.77364233068096,1320.7625648474398,25416,761621
813,0.9823456673987441,25.5,498.290528400132,1392.832080753376,25256,111431
814,0.9834272618542867,26.5,493.13277840929925,1345.7450383350842,24884.5,111431
815,0.9837472700853673,19,484.83909647611017,1333.9695949295028,25091.5,111362
816,0.9825880240697593,19.5,496.9977631916688,1382.471481105947,25045,111362
817,0.9840884833184808,25,476.1768912031095,1321.1763495238392,25070.5,111362
818,0.9824076161802553,32,503.4478016941073,1388.2127646771864,25302,111431
819,0.9833814271953464,23.5,496.2467822962121,1346.7105599684694,25577,111072
820,0.9832868699839501,18.5,489.0232481390488,1353.6861035186766,24478.5,111354
821,0.9818417007015537,24,504.39078141615636,1412.9155160512746,25304,111431
822,0.9843707635842969,20,484.58919731583,1304.7735588346966,24056.5,111217
823,0.9825734078506961,22,491.95588720618974,1384.9278416985687,25264.5,111352
824,0.9840285665390514,29.5,486.3645630889956,1320.2751708942571,25079,111431
825,0.9829543970643835,28.5,490.69792086832166,1368.2240036100509,25032.5,111431
826,0.9818422769798352,26.5,501.17062080598436,1414.0358139961345,25399,761621
827,0.9831700023614406,19.5,487.03512889149647,1359.740255964624,24330,111425
828,0.9830075115537328,25,486.9911994426314,1367.1423562507237,25240,111431
829,0.9829064458237465,22,498.6258296358769,1367.529578627795,25302,111431
830,0.9834933252241912,24.5,493.8290858421033,1342.4426267786964,25201,111352
831,0.9841739117414489,24.5,479.5813134831873,1315.9266793025488,25302,111431
832,0.9828970706008328,21.5,486.8469436397639,1372.1900455175064,25584.5,111072
833,0.9832825963495853,19,483.01576766528547,1356.0372532442764,25205,111352
834,0.9832987886857639,26,487.69106376737193,1353.6214093077956,25249.5,111352
835,0.9842430515735451,24.5,476.4733599794654,1313.797864492757,25242,111352
836,0.9834138167372496,25.5,485.7753291041766,1349.0354937988864,25192.5,111352
837,0.9840799221579123,22.5,478.95728062777306,1320.571550945759,25090.5,111362
838,0.9821768524232783,18,497.5378974001687,1400.591125702472,25126.5,111362
839,0.9831885515003959,22,493.1973524989916,1356.6699099715647,25318,111431
840,0.9826131183353367,27,500.6438707784826,1380.0289439665007,25526,111431
841,0.9832507150022172,19,484.6315499981665,1356.9177040983107,24751.5,111425
842,0.9838451492396862,24.5,483.56418906530746,1329.8785127960891,25605.5,111072
843,0.9827508100306133,26,500.6687690220381,1373.821947427678,24785,111425
844,0.9826424827162206,23.5,496.79557038612444,1380.1003401405512,25026,111072
845,0.9840648965075929,17,481.62513292508527,1320.3066696751837,24915,111072
846,0.9835383459047022,24,493.1242345348539,1340.622654495017,25254.5,111352
847,0.9823281552370614,21.5,496.22778775989144,1394.3468570858338,25276,111352
848,0.9828697887827612,25.5,498.2413919548238,1369.3299106012964,25314.5,111431
849,0.9835489991297303,22,491.5149792820212,1340.7212264264713,24019.5,111217
850,0.9820360251331968,32,500.57896666788895,1405.729799526716,25612.5,111072
851,0.9834163509826901,13.5,485.5773899013604,1348.990758764519,24944.5,111072
852,0.9822732800601013,27.5,504.92501191742144,1393.6631608627931,25194,111352
853,0.9823868701548079,22,499.50969894760004,1390.5596487303608,25423,761621
854,0.9837372157097651,24.5,481.652377983939,1335.5900251205235,25066.5,111431
855,0.9832749532800682,16,486.8180484764035,1355.0264700751054,25149.5,111362
856,0.9829900477509559,25,495.9940229547871,1364.6948053785236,25572,111072
857,0.9829453239329237,22,487.8639947196656,1369.6476872487272,25422,761621
858,0.9834668167419189,28.5,490.856257562979,1344.7553005694363,25082,111431
859,0.983276660007532,24.5,490.2952953687067,1353.6941229369415,25595.5,111072
860,0.9829410710149831,23,495.12727806094387,1367.2315702986589,25260.5,111431
861,0.9833597259737762,31,499.78915331304313,1346.3993398089763,24789,111425
862,0.9827583300489328,30,496.8000440027868,1374.8865028017246,25541,111431
863,0.9842080300056666,25.5,480.2675736129955,1314.068116072602,25199,111352
864,0.9828353832982208,22,500.49114443914783,1370.066439828998,25058,111431
865,0.9823782534216999,30.5,498.96303765905174,1391.139906134312,25580,111072
866,0.982655164534287,19.5,499.251769278721,1378.643856468937,25044.5,111072
867,0.9836746154129561,17,486.7402002126801,1336.6501704470622,25160,111362
868,0.9831638541241997,22,482.26834366176524,1361.718008422211,25347,111431
869,0.9839444924241523,27,486.8003006857101,1324.0552998332098,25095.5,111362
870,0.9826613409172559,19.5,491.6019214550255,1381.1128546267425,25083.5,111431
871,0.9824206056593546,21,496.3732903083862,1390.1794867919227,25568,111072
872,0.9837924860645175,27,484.8975835136225,1331.8458726072745,24925.5,111072
873,0.9832283014732397,24.5,490.71889553005025,1355.752482114474,24314,761621
874,0.9826129388324948,16.5,483.47049979832053,1386.146532358037,25206,111352
875,0.9828103806133126,36.5,503.9211983425617,1369.9397934323447,25414,761621
876,0.9829186273209217,18,492.02482490557736,1369.367052785564,25206,111352
877,0.982312901237134,27,498.1163140332221,1394.3509805070314,25547.5,111431
878,0.9837737758040588,23.5,483.8759854790803,1333.0875634818206,24811,111158
879,0.9836210902535774,28,491.5634923545158,1337.366548418929,24803,111425
880,0.9838400532183109,30,490.9318690183712,1327.413996744675,24868,111352
881,0.9838184987239343,27,485.0771882219207,1330.5692692084988,25393,761621
882,0.9832938636253941,23.5,498.3033992152836,1349.9771152452604,24329.5,111425
883,0.9842895319350102,17.5,481.55447178321293,1309.7461191468271,25623,111072
884,0.9835102944087502,22,485.408785889773,1344.72896302802,25141,111362
885,0.9822074645340789,27.5,501.0078471636537,1397.9966486910478,25524.5,111431
886,0.9820158957414563,21,499.70206446408275,1406.9285612849576,25591,111072
887,0.9832497467341998,20,486.2022294745334,1356.3996550463721,25324,111431
888,0.9822461462808975,17.5,496.5099556305233,1397.8872416069246,24864.5,111431
889,0.9836092407471471,15.5,482.4528986835833,1341.2278281178774,24951.5,111072
890,0.9821312672597199,24,498.28257122951123,1402.3422418754365,25029,111431
891,0.9836388084317692,20.5,488.65058120347624,1337.6124050438466,25237.5,111431
892,0.9836026735278554,26.5,488.4545487880899,1339.357420705986,24890,111352
893,0.9830565417336503,20,489.526016647721,1364.0109709896917,25547.5,111431
894,0.981989200959512,22,505.5389241318617,1406.0190971519544,24742.5,111425
895,0.9827825211078877,22.5,498.3005390341388,1373.2522062119044,25189.5,111352
896,0.982962103506755,19,493.96457775659127,1366.699044161299,25260.5,111431
897,0.9842528976938201,29.5,485.9507535477247,1309.8554190120165,24876.5,111352
898,0.9833882151353877,30.5,494.1133805140992,1347.182344979477,24948.5,111352
899,0.9816066585264008,23,511.47262659968465,1420.6581837957233,25381,761621
900,0.9842679561415772,25.5,486.11635070221115,1309.0816967244282,24830,111425
901,0.983388029587242,35,498.38608778555977,1345.615779319968,25590.5,111072
902,0.9823954807211477,29.5,499.7436837666385,1390.0920461031158,25592.5,111072
903,0.9839566848431017,29,484.1310182978255,1324.4632977114381,25239.5,111352
904,0.9829526758591317,25,486.79219683913317,1369.6959722621748,25235,111352
905,0.9830242651519179,33,499.21403688900295,1361.964155854439,25039,111072
906,0.9828554284157383,19,491.5007517142752,1372.4125756442122,25022,111072
907,0.9814545307287964,16.5,502.20131274980747,1430.5685576064543,25266.5,111431
908,0.9823490896860877,36.5,509.1290015034286,1388.7539196312866,25029,111072
909,0.982991751725807,25.5,493.1560998863261,1365.6460862375682,25255.5,111431
910,0.9828309316856323,18.5,492.6304865974845,1373.1135749228672,25021,111072
911,0.9830412274911023,26,486.3573392981555,1365.8386721484399,25270.5,111431
912,0.9832982658760885,26.5,494.86938506105383,1351.037497423528,25320,111431
913,0.984541447429966,25.5,481.4924645227531,1297.794003108032,25023.5,111072
914,0.982792037546623,23,494.4451981958857,1374.2162602634455,25036.5,111431
915,0.9835566280241839,21.5,487.58597044479484,1341.802852782389,24551,1326881
916,0.9820650105101943,32,505.16981408822556,1402.8062169356213,24768,111425
917,0.9839226630347405,24.5,492.33673132631736,1323.029577214891,24882,111352
918,0.9834456043041955,20,486.40068204319607,1347.3496573788825,25575.5,111072
919,0.9833027732240697,26,492.29650544534485,1351.770984506206,24943,111352
920,0.9834909024005029,24,493.41747644017454,1342.7055688803348,24375.5,111425
921,0.9831328366145579,20,487.1265080121741,1361.4009014901503,25315.5,111431
922,0.9827707173946295,26.5,498.1030398591911,1373.8564473732056,24903,111352
923,0.9824841784124774,25,495.8912397785193,1387.5149175492152,25254,111431
924,0.9823173459830888,18,491.29056506912104,1396.573678223897,25536.5,111431
925,0.9835185104074499,19.5,482.63349345458545,1345.349230262015,25409,761621
926,0.9824959180099686,25.5,493.8800190678743,1387.70763834742,25201.5,111352
927,0.9827069196994558,19.5,493.41941989659347,1378.417246448001,25088.5,111362
928,0.9829072774546861,20.5,483.0117340764915,1373.08518979019,25581,111072
929,0.9826609688791386,19,492.1740310219647,1380.925766389713,25575.5,111072
930,0.9832933973571609,39,497.45044186131787,1350.3125055018058,24594.5,111367
931,0.9831462943414191,25.5,487.7290895090022,1360.5723685086175,25078,111431
932,0.9832612038231016,21.5,493.66224194198963,1353.1771288283921,25077,111431
933,0.983558312512282,21,484.44255802867514,1342.862755700619,25604,111072
934,0.9832105142479425,19,491.4513219170547,1356.3007029537284,25596.5,111072
935,0.9828319170909212,18.5,492.4303839243152,1373.1406002757165,25563.5,111072
936,0.9831120561439506,26,494.7848263723369,1359.5834572211043,24937,111072
937,0.9832699203612332,27.5,492.5484947380001,1353.1841243624924,24605.5,111355
938,0.9832808455512758,19.5,486.2340948260057,1354.9664933069557,25083.5,111431
939,0.9825662654702683,24,495.62839646510946,1383.937602777571,25058.5,111362
940,0.982549006203909,38.5,503.42587363866375,1381.894777548476,24809,111158
941,0.9831726992156059,22.5,490.2744307139452,1358.452406858649,25535,111431
942,0.9842576556882239,30,481.22907117450774,1311.3732735626097,24860,111431
943,0.9836672209981338,18,481.3172600931392,1338.9546824245274,25015.5,111072
944,0.9832770105782432,24.5,489.25470279784383,1354.0538905238488,24868.5,111431
945,0.9829074852945869,20.5,491.39474166697227,1370.097467519228,25569,111072
946,0.9843892638611542,27.5,482.2665468813025,1304.7555809275248,24819,111425
947,0.9826039596693849,28.5,496.00110006967105,1382.1146607164424,25247.5,111352
948,0.9822717797192934,20,494.7589013970885,1397.371379108143,25403,761621
949,0.9824479933388721,29,505.3795240365223,1385.7064436261692,25584.5,111072
950,0.9831673185126897,18.5,486.86454475450114,1359.923616261435,25192.5,111352
951,0.9828380328829472,35,503.69751750944226,1368.770461979618,24813.5,111355
952,0.9826518245234545,18.5,495.1372153569726,1380.276942305499,25090,111362
953,0.9829878925201168,22.5,487.5489347658685,1367.8327683314405,25220,111352
954,0.9836225646577587,21.5,486.44772835612923,1339.1677876452582,25405,761621
955,0.983680990154876,24.5,493.0277217557112,1334.0472310971725,25259.5,111352
956,0.982927164448251,18.5,495.4941879652378,1367.728599397879,25616,111072
957,0.9837873499365343,20.5,479.86205126324666,1333.9067501509096,25036,111431
958,0.9822758397312984,18.5,496.3628029775219,1396.6215373431914,25196,111352
959,0.9835418119135201,25.5,489.6224560888856,1341.7451323672885,25205.5,111352
960,0.9837261162936266,24.5,489.75013750870886,1333.1581115123035,24804.5,111355
961,0.9826583562784945,28.5,498.5542517692787,1378.7525667229502,25080,111431
962,0.9838168399268259,21,487.11715741996994,1329.9012203169784,25028,111072
963,0.9835642435185814,23,485.5451211910088,1342.1904702410463,25257,111431
964,0.9835375901103336,25,482.6397271827216,1344.46740515792,25582,111072
965,0.9840589618763376,21,479.1738476770195,1321.4769122823154,25041.5,111431
966,0.9840556939321718,28.5,489.492317846797,1317.8433700861278,24277.5,123776
967,0.9824238667190288,17.5,501.0722745773899,1388.346860863904,25242.5,111352
968,0.9829674139987511,26.5,494.12779142679034,1366.398895219159,25536,111431
969,0.9838471752921407,21,483.43236404972316,1329.8319628828242,25118,111362
970,0.9828174227295899,20.5,494.5279234351509,1373.0407368911822,25203.5,111352
971,0.9841602037816738,20,481.6899270287118,1315.8016853937515,25576.5,111072
972,0.9826318546888335,18.5,495.1310916358036,1381.1755515410857,25147.5,111362
973,0.9826866284051351,18,506.33724469216384,1374.6390557002833,24933.5,111352
974,0.9823800925386419,19,496.863371346852,1391.8098962535046,24950,111072
975,0.9825346292891317,22.5,497.77100216347037,1384.5853326854437,25200.5,111352
976,0.9826204571937198,19.5,492.6140955593854,1382.5859151496293,25422,761621
977,0.9833503515475367,23.5,487.79729382860916,1351.2203280832157,24312,761621
978,0.9824102135950097,27.5,496.31685673425983,1390.6631463568615,25411,761621
979,0.9831710760748859,25,483.15569652744676,1361.0745546728135,24932,111072
980,0.9829570166196568,22,489.89597007810494,1368.392529165096,25596.5,111072
981,0.9829473816459845,22.5,492.49605808367863,1367.8957340495238,25206,111352
982,0.9831723047044518,18.5,492.1456492244509,1357.7935326208608,25600.5,111072
983,0.9838548953971085,34,490.15048953100364,1327.0096910452519,24876.5,111352
984,0.9827396031561682,18.5,494.50390524733234,1376.5574219385737,24572.5,1326881
985,0.9820556652931437,28,507.861317883466,1402.2474839791255,25038.5,111072
986,0.9839956348146194,27,487.18257489641013,1321.5185496054203,25320,111431
987,0.9835052065683128,19,486.7673352645667,1344.4715834741269,25026.5,111072
988,0.9831997168024463,21.5,487.8284624692897,1358.100438362399,25588.5,111072
989,0.9829186282875289,21,493.1328150782883,1368.9682491020906,25263,111431
990,0.9824525048379065,25,496.44347475340106,1388.7321486907929,25193,111352
991,0.9829559988122549,20.5,493.05507682153205,1367.3036686171647,24757.5,111425
992,0.9836233387396586,26.5,493.03633896813466,1336.7196184802826,24499.5,111354
993,0.983134218753687,25,485.62307946169926,1361.8745046699,25072.5,111362
994,0.9830127493326526,23,496.1147739356826,1363.6193698052311,25578.5,111072
995,0.9829584793240249,22,488.9227384401012,1368.6744798195077,24880,111352
996,0.9830111985190324,17.5,488.6532947086649,1366.3814484290183,25417.5,111158
997,0.9830320520264229,18,491.85886106120057,1364.2840273320844,25325,111431
998,0.9839628665382163,20,483.3947783359613,1324.4426982883685,25255.5,111352
999,0.9845135439047119,21,475.65450478530306,1301.274768054188,25242,111431
1000,0.9829413549138328,29.5,496.7784826372337,1366.6193781404427,25249.5,111352
